form	lemma	POS	morph
བསྡུ་	བསྡུ་	VERB
སྒྲིག་	སྒྲིག་	VERB
གསལ་	གསལ་	VERB
བཤད་	བཤད་	VERB
།		PUNCT
དེ་ཡང་	དེ་ཡང་	ADV
མཉམ་མེད་	མཉམ་མེད་	ADJ
ཤཱཀྱའི་		NON_WORD
རྒྱལ་པོ་	རྒྱལ་པོ་	NOUN
འི་	གི་	PART
གདུལ་བྱ་	གདུལ་བྱ་	NOUN
འི་	གི་	PART
ཞིང་	ཅིང་	PART
སྤྱི་		
མི་མཇེད་	མི་མཇེད་	PROPN
འཇིག་རྟེན་	འཇིག་རྟེན་	NOUN
གྱི་	གི་	PART
ཁམས་	ཁམས་	NOUN
།		PUNCT
སྒོ་	སྒོ་	ADV
འཛམ་བུ་	འཛམ་བུ་	NOUN
འི་	གི་	PART
གླིང་	གླིང་	NOUN
ཁྱད་པར་	ཁྱད་པར་	NOUN
འཕགས་པ་	འཕགས་པ་	VERB
འི་	གི་	PART
ཡུལ་	ཡུལ་	NOUN
།		PUNCT
ཉེ་ལམ་	ཉེ་ལམ་	NOUN
གངས་ཅན་	གངས་ཅན་	ADJ
གྱི་	གི་	PART
ལྗོངས་	ལྗོངས་	NOUN
འདི་	འདི་	DET
ར་	ལ་	PART
།		PUNCT
བསྟན་པ་	བསྟན་པ་	VERB
འཛིན་	འཛིན་	VERB
ཅིང་	ཅིང་	PART
གསལ་བ་	གསལ་བ་	VERB
ར་	ལ་	PART
མཛད་པ་	མཛད་པ་	VERB
འི་	གི་	PART
སྐྱེས་བུ་	སྐྱེས་བུ་	NOUN
དམ་པ་	དམ་པ་	VERB
།		PUNCT
བསྟན་པ་	བསྟན་པ་	VERB
འི་	གི་	PART
གཏད་	གཏད་	VERB
རབ་	རབ་	ADV
བདུན་	བདུན་	NUM
དང་	དང་	NO_POS
རྒྱན་	རྒྱན་	NOUN
དྲུག་	དྲུག་	NUM
དང་	དང་	NO_POS
མཆོག་གཉིས་	མཆོག་གཉིས་	NO_POS
དང་	དང་	NO_POS
།		PUNCT
གྲུབ་པ་	གྲུབ་པ་	VERB
ཐོབ་པ་	ཐོབ་པ་	VERB
འི་	གི་	PART
རྣལ་འབྱོར་པ་	རྣལ་འབྱོར་པ་	NOUN
བརྒྱད་ཅུ་	བརྒྱད་ཅུ་	NO_POS
ལ་སོགས་པ་	ལ་སོགས་པ་	NO_POS
རྣམས་	རྣམས་	DET
ཀྱིས་	གིས་	PART
བསྟན་པ་	བསྟན་པ་	VERB
འི་	གི་	PART
བྱ་བ་	བྱ་བ་	VERB
མང་	མང་	VERB
དུ་	ལ་	PART
མཛད་	མཛད་	VERB
ཅིང་	ཅིང་	PART
ཁྱད་པར་	ཁྱད་པར་	NOUN
གངས་ཅན་	གངས་ཅན་	ADJ
གྱི་	གི་	PART
ཁྲོད་	ཁྲོད་	NOUN
འདི་	འདི་	DET
ར་	ལ་	PART
།		PUNCT
ཆོས་རྒྱལ་	ཆོས་རྒྱལ་	NOUN
མི་	མི་	PART
དབོན་	དབོན་	NO_POS
རྣམ་	རྣམ་	NOUN
གསུམ་	གསུམ་	NUM
གྱིས་	གིས་	PART
ཆོ་	ཆོ་	NOUN
ཀྱི་	གི་	PART
སྲོལ་གཏོད་པ་	སྲོལ་གཏོད་པ་	NO_POS
ན་	ནས་	PART
པཎྜི་ཏ་	པཎྜི་ཏ་	NOUN
ཞི་བ་འཚོ་	ཞི་བ་འཚོ་	PROPN
དང་	དང་	NO_POS
།		PUNCT
གུ་རུ་	གུ་རུ་	PROPN
རིན་པོ་ཆེ་	རིན་པོ་ཆེ་	ADJ
པདྨ་	པདྨ་	NOUN
འབྱུང་གནས་	འབྱུང་གནས་	NOUN
ལ་སོགས་པ་	ལ་སོགས་པ་	NO_POS
པཎ་གྲུབ་	པཎ་གྲུབ་	OTHER
དང་	དང་	NO_POS
།		PUNCT
སཾ་		NON_WORD
བྷོ་		NON_WORD
ཊ་	ཊ་	NO_POS
ལ་སོགས་པ་	ལ་སོགས་པ་	NO_POS
ན་	ནས་	PART
བཟུང་	བཟུང་	NO_POS
སྟེ་	སྟེ་	PART
།		PUNCT
སད་	སད་	VERB
མི་	མི་	PART
བདུན་	བདུན་	NUM
ལ་སོགས་པ་	ལ་སོགས་པ་	NO_POS
བསྟན་པ་	བསྟན་པ་	VERB
སྔ་དར་	སྔ་དར་	NOUN
གྱི་	གི་	PART
ལོ་	གོ་	PART
ཙཱ་	ཙཱ་	NO_POS
དང་	དང་	NO_POS
དབུ་	དབུ་	NOUN
གཙང་	གཙང་	PROPN
གི་	གི་	PART
མི་	མི་	PART
བཅུ་	བཅུ་	NUM
ལ་སོགས་པ་	ལ་སོགས་པ་	NO_POS
བསྟན་པ་	བསྟན་པ་	VERB
ཕྱི་དར་	ཕྱི་དར་	NOUN
གྱི་	གི་	PART
བསྟན་འཛིན་	བསྟན་འཛིན་	NOUN
ལོ་པཎ་	ལོ་པཎ་	NOUN
མཁས་གྲུབ་	མཁས་གྲུབ་	NOUN
སྐར་	སྐར་	NO_POS
ཚོགས་	ཚོགས་	NOUN
ལྟ་བུ་	ལྟ་བུ་	NOUN
བྱོན་པ་	བྱོན་པ་	VERB
འི་	གི་	PART
ནང་	ནང་	NOUN
ན་	ནས་	PART
།		PUNCT
བླ་ཆེན་	བླ་ཆེན་	PROPN
དཔྱལ་	དཔྱལ་	NO_POS
ཞེས་་	ཞེས་པ་	PART
མཚན་	མཚན་	NOUN
ཉི་ཟླ་	ཉི་ཟླ་	NOUN
ལྟ་	ལྟ་	OTHER
ཡོངས་སུ་	ཡོངས་སུ་	NO_POS
གྲགས་པ་	གྲགས་པ་	VERB
།		PUNCT
ཕྱི་	ཕྱི་	NOUN
འི་	གི་	PART
མཛད་པ་	མཛད་པ་	VERB
དང་	དང་	NO_POS
ནང་	ནང་	NOUN
གི་	གི་	PART
རྟོགས་པ་	རྟོགས་པ་	VERB
ལ་	ལ་	PART
འགྲན་པ་	འགྲན་པ་	VERB
འི་	གི་	PART
ཟླ་	ཟླ་	NOUN
ཐམས་ཅད་	ཐམས་ཅད་	DET
དང་	དང་	NO_POS
བྲལ་བ་	བྲལ་བ་	VERB
ས་	གིས་	PART
།		PUNCT
མཁས་གྲུབ་	མཁས་གྲུབ་	NOUN
རྣམས་	རྣམས་	DET
ཀྱི་	གི་	PART
གཙུག་	གཙུག་	NOUN
གི་	གི་	PART
ཅོད་པན་	ཅོད་པན་	NOUN
དུ་	ལ་	PART
གྱུར་པ་	གྱུར་པ་	VERB
འི་	གི་	PART
མཛད་སྤྱོད་	མཛད་སྤྱོད་	NOUN
རྒྱུན་	རྒྱུན་	NOUN
གྱི་	གི་	PART
འཇུག་ངོགས་	འཇུག་ངོགས་	NOUN
འདི་	འདི་	DET
ལ་	ལ་	PART
།		PUNCT
སྐུ་གསུང་ཐུགས་	སྐུ་གསུང་ཐུགས་	NOUN
ཀྱི་	གི་	PART
ཆེ་བ་	ཆེ་བ་	VERB
འི་	གི་	PART
ཡོན་ཏན་	ཡོན་ཏན་	NOUN
མཐའ་དག་	མཐའ་དག་	DET
མངའ་བ་	མངའ་བ་	VERB
བསམ་	བསམ་	NOUN
གྱིས་	གིས་	PART
མི་	མི་	PART
ཁྱབ་	ཁྱབ་	VERB
ཅིང་	ཅིང་	PART
།		PUNCT
ས་	ས་	ADP
ར་	ལ་	PART
གནས་	གནས་	NOUN
ཀྱི་	གི་	PART
སྐྱེས་བུ་	སྐྱེས་བུ་	NOUN
ས་	གིས་	PART
ཀྱང་	ཀྱང་	PART
བརྗོད་པ་	བརྗོད་པ་	VERB
ར་	ལ་	PART
དཀའ་	དཀའ་	VERB
ན་	ལ་	PART
གཞན་	གཞན་	DET
ལྟ་	ལྟ་	NOUN
སྨོས་ཅི་	སྨོས་ཅི་	NO_POS
དགོས་	དགོས་	VERB
།		PUNCT
སངས་རྒྱས་	སངས་རྒྱས་	NOUN
ཀྱི་	གི་	PART
མཛད་པ་	མཛད་པ་	VERB
ལ་	ལ་	PART
སེམས་ཅན་	སེམས་ཅན་	NOUN
གྱིས་	གིས་	PART
བློ་	བློ་	NOUN
ས་	གིས་	PART
དཔག་པ་	དཔག་པ་	VERB
ར་	ལ་	PART
དཀའ་	དཀའ་	VERB
ན་	ན་	ADP
འང་	ཀྱང་	PART
འོན་ཀྱང་	འོན་ཀྱང་	NO_POS
ཆེ་ལོང་	ཆེ་ལོང་	OTHER
ཙམ་	ཙམ་	DET
ཞིག་	ཅིག་	PART
འདི་ལྟར་	འདི་ལྟར་	NO_POS
རྟོགས་པ་	རྟོགས་པ་	VERB
ར་	ལ་	PART
བྱ་	བྱ་	VERB
།		PUNCT
དང་པོ་	དང་པོ་	ADJ
ར་	ལ་	PART
ལྷ་	ལྷ་	NOUN
ལ་	ལ་	ADP
ས་	གིས་	PART
བབས་པ་	བབས་པ་	VERB
འི་	གི་	PART
རིགས་རུས་	རིགས་རུས་	NO_POS
ཀྱི་	གི་	PART
ཆེ་བ་	ཆེ་བ་	VERB
དང་	དང་	NO_POS
གཅིག་	གཅིག་	NUM
།		PUNCT
ལྷ་	ལྷ་	NOUN
ན་	ནས་	PART
བབ་	བབ་	VERB
ན་	ནས་	PART
དཔྱལ་	དཔྱལ་	NO_POS
དུ་	ལ་	PART
གྲག་	གྲག་	VERB
ཏེ་	སྟེ་	PART
།		PUNCT
མཚན་དོན་	མཚན་དོན་	OTHER
གྱི་	གི་	PART
ཆེ་བ་	ཆེ་བ་	VERB
དང་	དང་	NO_POS
གཉིས་	གཉིས་	NUM
།		PUNCT
རི་བོ་	རི་བོ་	NOUN
རྩེ་	རྩེ་	NOUN
ལྔ་	ལྔ་	NUM
ར་	ལ་	PART
བྱོན་	བྱོན་	VERB
ན་	ནས་	PART
རྒྱ་	རྒྱ་	NOUN
རྒྱལ་པོ་	རྒྱལ་པོ་	NOUN
དང་	དང་	NO_POS
གཉེན་	གཉེན་	NOUN
དུ་	ལ་	PART
འབྲེལ་བ་	འབྲེལ་བ་	VERB
ས་	གིས་	PART
ཆོ་འབྲང་	ཆོ་འབྲང་	NO_POS
ཞང་དབོན་	ཞང་དབོན་	NO_POS
གྱི་	གི་	PART
ཆེ་བ་	ཆེ་བ་	VERB
དང་	དང་	NO_POS
གསུམ་	གསུམ་	NUM
།		PUNCT
དེ་ལྟ་	དེ་ལྟ་	NO_POS
ལྷ་	ལྷ་	NOUN
ལ་	ལ་	ADP
ས་	གིས་	PART
བབ་	བབ་	VERB
ན་	ནས་	PART
དཔྱལ་	དཔྱལ་	NO_POS
དུ་	ལ་	PART
གྲག་	གྲག་	VERB
།		PUNCT
བོད་	བོད་	PROPN
རྒྱལ་པོ་	རྒྱལ་པོ་	NOUN
སྤྲུལ་པ་	སྤྲུལ་པ་	VERB
འི་	གི་	PART
ཆོས་རྒྱལ་	ཆོས་རྒྱལ་	NOUN
གྱི་	གི་	PART
ཆོས་བློན་	ཆོས་བློན་	NO_POS
ཆེན་པོ་	ཆེན་པོ་	ADJ
མཛད་པ་	མཛད་པ་	VERB
ས་	གིས་	PART
ན་	ལ་	PART
།		PUNCT
ཁྲིམས་	ཁྲིམས་	NOUN
གཉིས་	གཉིས་	NUM
མི་	མི་	PART
དབོན་	དབོན་	NO_POS
གྱི་	གི་	PART
ཆེ་བ་	ཆེ་བ་	VERB
དང་	དང་	NO_POS
བཞི་	བཞི་	NUM
།		PUNCT
སྤྲུལ་པ་	སྤྲུལ་པ་	VERB
འི་	གི་	PART
ཆོས་རྒྱལ་	ཆོས་རྒྱལ་	NOUN
གྱིས་	གིས་	PART
དཔྱལ་	དཔྱལ་	NO_POS
དཀར་ནག་	དཀར་ནག་	ADJ
ཁྲ་	ཁྲ་	NOUN
གསུམ་	གསུམ་	NUM
དུ་	ལ་	PART
ལུང་བསྟན་པ་	ལུང་བསྟན་པ་	NOUN
ས་	གིས་	PART
།		PUNCT
ངོ་མཚར་	ངོ་མཚར་	ADJ
ལུང་བསྟན་	ལུང་བསྟན་	NOUN
གྱི་	གི་	PART
ཆེ་བ་	ཆེ་བ་	VERB
དང་	དང་	NO_POS
ལྔ་	ལྔ་	NUM
།		PUNCT
གཅེན་	གཅེན་	NOUN
དགེ་བཤེས་	དགེ་བཤེས་	NOUN
རྒྱལ་པོ་	རྒྱལ་པོ་	NOUN
འི་	གི་	PART
མཆོད་གནས་	མཆོད་གནས་	NOUN
སུ་	ལ་	PART
བསྐུར་བ་	བསྐུར་བ་	VERB
ས་	གིས་	PART
།		PUNCT
རྒྱུ་རྐྱེན་	རྒྱུ་རྐྱེན་	OTHER
རྟེན་འབྲེལ་	རྟེན་འབྲེལ་	NOUN
ཁྱད་པར་	ཁྱད་པར་	NOUN
འཕགས་པ་	འཕགས་པ་	VERB
འི་	གི་	PART
ཆེ་བ་	ཆེ་བ་	VERB
དང་	དང་	NO_POS
དྲུག་	དྲུག་	NUM
།		PUNCT
དེ་ལས་	དེ་ལས་	NO_POS
ཀྱང་	ཀྱང་	PART
གསང་སྔགས་	གསང་སྔགས་	NOUN
ཟབ་	ཟབ་	VERB
ལམ་	གམ་	PART
རྡོ་རྗེ་	རྡོ་རྗེ་	NOUN
ཐེག་པ་	ཐེག་པ་	NOUN
ར་	ལ་	PART
ཡང་དག་པ་	ཡང་དག་པ་	ADJ
ར་	ལ་	PART
ཞུགས་པ་	ཞུགས་པ་	VERB
ས་	གིས་	PART
།		PUNCT
རྒྱལ་པོ་	རྒྱལ་པོ་	NOUN
འི་	གི་	PART
སྐུ་སྲུང་བ་	སྐུ་སྲུང་བ་	NO_POS
ཡིན་པ་	ཡིན་པ་	AUX
ས་	གིས་	PART
གྲུབ་རྟགས་	གྲུབ་རྟགས་	NOUN
ནུས་མཐུ་	ནུས་མཐུ་	NOUN
འི་	གི་	PART
ཆེ་བ་	ཆེ་བ་	VERB
དང་	དང་	NO_POS
བདུན་	བདུན་	NUM
།		PUNCT
དེ་ལས་	དེ་ལས་	NO_POS
རིམ་པ་	རིམ་པ་	NOUN
བཞིན་	བཞིན་	NOUN
བྱོན་པ་	བྱོན་པ་	VERB
རྣམས་	རྣམས་	DET
ཀྱིས་	གིས་	PART
གཙང་	གཙང་	PROPN
མྱང་	མྱང་	VERB
རོ་	རོ་	NOUN
འི་	གི་	PART
མཐིལ་	མཐིལ་	NOUN
དུ་	ལ་	PART
ལྷ་ཁང་	ལྷ་ཁང་	NOUN
མང་པོ་	མང་པོ་	ADJ
བཞེངས་	བཞེངས་	NO_POS
ཤིང་	ཅིང་	PART
རྒྱ་གར་	རྒྱ་གར་	PROPN
འཕགས་པ་	འཕགས་པ་	VERB
འི་	གི་	PART
ཡུལ་	ཡུལ་	NOUN
ལ་	ལ་	PART
བྱོན་	བྱོན་	VERB
།		PUNCT
དཀའ་བ་	དཀའ་བ་	VERB
བརྒྱ་	བརྒྱ་	NUM
ཕྲག་	ཕྲག་	NUM
དུ་མ་	དུ་མ་	ADJ
སྤྱད་	སྤྱད་	VERB
ན་	ནས་	PART
པཎ་གྲུབ་	པཎ་གྲུབ་	OTHER
ཚད་ལྡན་	ཚད་ལྡན་	OTHER
བསྟཻན་པ་	བསྟཻན་པ་	NON_WORD
ལ་	ལ་	PART
གདམས་པ་	གདམས་པ་	VERB
ཁྱད་པར་ཅན་	ཁྱད་པར་ཅན་	ADJ
ཞུ་	ཞུ་	VERB
།		PUNCT
ཉམས་ལེན་	ཉམས་ལེན་	NOUN
མཐ་	མཐའ་	NOUN
ར་	ལ་	PART
ཕྱིན་པ་	ཕྱིན་པ་	VERB
མཛད་པ་	མཛད་པ་	VERB
ས་	གིས་	PART
།		PUNCT
སྦྱངས་པ་	སྦྱངས་པ་	VERB
འི་	གི་	PART
ཡོན་ཏན་	ཡོན་ཏན་	NOUN
གྱིས་	གིས་	PART
ཆེ་བ་	ཆེ་བ་	VERB
དང་	དང་	NO_POS
བརྒྱད་	བརྒྱད་	NUM
།		PUNCT
པཎ་གྲུབ་	པཎ་གྲུབ་	OTHER
ཚད་ལྡན་	ཚད་ལྡན་	OTHER
བསྟཻན་པ་	བསྟཻན་པ་	NON_WORD
རྣམས་	རྣམས་	DET
ལ་	ལ་	PART
མདོ་	མདོ་	NOUN
རྒྱུད་མང་	རྒྱུད་མང་	OTHER
དུ་	ལ་	PART
ཞུ་	ཞུ་	VERB
ཤིང་	ཅིང་	PART
།		PUNCT
འགྱུར་	འགྱུར་	VERB
ཡང་དག་པ་	ཡང་དག་པ་	ADJ
ར་	ལ་	PART
མཛད་	མཛད་	VERB
ན་	ནས་	PART
།		PUNCT
ཆོ་	ཆོ་	NOUN
མཁའ་འགྲོ་	མཁའ་འགྲོ་	NOUN
འི་	གི་	PART
ཁ་	ཁ་	PRON
རླངས་	རླངས་	OTHER
མ་	མ་	PART
ཉམས་པ་	ཉམས་པ་	VERB
བླངས་	བླངས་	VERB
ཤིང་དབང་	ཤིང་དབང་	NO_POS
འབྱོར་པ་	འབྱོར་པ་	NOUN
ས་	གིས་	PART
།		PUNCT
དམ་ཆོས་	དམ་ཆོས་	NOUN
རང་	རང་	PRON
འགྱུར་	འགྱུར་	VERB
གྱི་	གི་	PART
ཆེ་བ་	ཆེ་བ་	VERB
དང་	དང་	NO_POS
དགུ་	དགུ་	NUM
།		PUNCT
མི་མཇེད་	མི་མཇེད་	PROPN
ཞིང་	ཅིང་	PART
དུ་	ལ་	PART
སེམས་ཅན་	སེམས་ཅན་	NOUN
ཆགས་པ་	ཆགས་པ་	VERB
ན་	ནས་	PART
།		PUNCT
མཐ་	མཐའ་	NOUN
ར་	ལ་	PART
འཁོར་བ་	འཁོར་བ་	NOUN
མ་	མ་	PART
སྟོངས་	སྟོངས་	VERB
ཀྱི་	གི་	PART
བ་	བ་	NOUN
དུ་	ལ་	PART
འགྲོ་བ་	འགྲོ་བ་	VERB
འི་	གི་	PART
དོན་	དོན་	NOUN
མཛད་པ་	མཛད་པ་	VERB
ས་	གིས་	PART
ན་	ལ་	PART
།		PUNCT
གདུང་རབས་	གདུང་རབས་	NOUN
རྒྱུན་	རྒྱུན་	NOUN
མི་	མི་	PART
ཆད་པ་	ཆད་པ་	VERB
འི་	གི་	PART
ཆེ་བ་	ཆེ་བ་	VERB
འམ་	གམ་	PART
བསྟན་པ་	བསྟན་པ་	VERB
ཕྱོགས་	ཕྱོགས་	NOUN
བཅུ་		
གསལ་བ་	གསལ་བ་	VERB
ཕྱོགས་	ཕྱོགས་	NOUN
ལ་	ལ་	ADP
ས་	གིས་	PART
རྣམ་པ་	རྣམ་པ་	NOUN
ར་	ལ་	PART
རྒྱལ་བ་	རྒྱལ་བ་	NOUN
འི་	གི་	PART
ཆེ་བ་	ཆེ་བ་	VERB
སྟེ་	སྟེ་	PART
བཅུ་	བཅུ་	NUM
འི་	གི་	PART
སྒོ་	སྒོ་	NOUN
ན་	ནས་	PART
།		PUNCT
དཔལ་ལྡན་	དཔལ་ལྡན་	ADJ
བླ་མ་	བླ་མ་	NOUN
དམ་པ་	དམ་པ་	VERB
དཔྱལ་	དཔྱལ་	NO_POS
གྱི་	གི་	PART
གདུང་རབས་	གདུང་རབས་	NOUN
རིམ་པ་	རིམ་པ་	NOUN
ར་	ལ་	PART
བྱོན་པ་	བྱོན་པ་	VERB
རྣམས་	རྣམས་	DET
ཀྱི་	གི་	PART
རྣམ་པ་	རྣམ་པ་	NOUN
ར་	ལ་	PART
ཐར་པ་	ཐར་པ་	VERB
ཆེ་བ་	ཆེ་བ་	VERB
བཅུ་	བཅུ་	NUM
ལྡན་	ལྡན་	VERB
ཞེས་་	ཞེས་པ་	PART
།		PUNCT
གདུང་རབས་	གདུང་རབས་	NOUN
མགོ་	མགོ་	NOUN
སྔོན་	སྔོན་	ADV
ཆེན་པོ་	ཆེན་པོ་	ADJ
འདི་ཉིད་	འདི་ཉིད་	OTHER
སྔོན་	སྔོན་	ADV
ཁམས་	ཁམས་	NOUN
སྟོན་	སྟོན་	VERB
ཇོ་	ཇོ་	NO_POS
སྲ་	སྲ་	NOUN
ཀྱི་	གི་	PART
མགོ་	མགོ་	NOUN
སྔོན་	སྔོན་	ADV
ཙམ་	ཙམ་	DET
གྱི་	གི་	PART
བསྡུས་པ་	བསྡུས་པ་	VERB
ཞིག་	ཅིག་	PART
མཛད་	མཛད་	VERB
།		PUNCT
ཡང་ཕྱི་	ཡང་ཕྱི་	NO_POS
ས་	གིས་	PART
སུ་	ལ་	PART
འཁོན་	འཁོན་	VERB
ནམ་མཁའ་	ནམ་མཁའ་	NOUN
ཡངས་པ་	ཡངས་པ་	ADJ
འི་	གི་	PART
ཤེས་རབ་	ཤེས་རབ་	NOUN
ཀྱི་	གི་	PART
རལ་གྲི་	རལ་གྲི་	NOUN
ས་	གིས་	PART
རང་	རང་	PRON
གི་	གི་	PART
བླ་མ་	བླ་མ་	NOUN
དཔལ་	དཔལ་	OTHER
རིན་ཆེན་པ་	རིན་ཆེན་པ་	OTHER
འི་	གི་	PART
བཀའ་ལུང་	བཀའ་ལུང་	NOUN
བཞིན་	བཞིན་	NOUN
མགོ་	མགོ་	NOUN
སྔཽན་		NON_WORD
ཆེན་པོ་	ཆེན་པོ་	ADJ
འི་	གི་	PART
རྩོམ་པ་	རྩོམ་པ་	VERB
མཛད་	མཛད་	VERB
།		PUNCT
དེ་	དེ་	DET
འི་	གི་	PART
རྗེས་སུ་	རྗེས་སུ་	OTHER
འཇམ་དབྱངས་	འཇམ་དབྱངས་	PROPN
ཀྱི་	གི་	PART
རྒྱལ་པོ་	རྒྱལ་པོ་	NOUN
ས་	གིས་	PART
དཔྱལ་	དཔྱལ་	NO_POS
ཀུན་དགའ་	ཀུན་དགའ་	PROPN
ཆོས་རྒྱལ་	ཆོས་རྒྱལ་	NOUN
ཡན་	ཡན་	ADV
གྱི་	གི་	PART
རྣམ་ཐར་	རྣམ་ཐར་	NOUN
ཁ་སྐོང་	ཁ་སྐོང་	NOUN
མཛད་	མཛད་	VERB
།		PUNCT
དེ་	དེ་	DET
འི་	གི་	PART
རྗེས་སུ་	རྗེས་སུ་	OTHER
ཀ་པ་	ཀ་པ་	OTHER
བཀྲ་ཤིས་དཔལ་	བཀྲ་ཤིས་དཔལ་	NO_POS
བཟང་	བཟང་	VERB
གིས་	གིས་	PART
དཔྱལ་	དཔྱལ་	NO_POS
རྡོ་རྗེ་	རྡོ་རྗེ་	NOUN
རིན་ཆེན་པ་	རིན་ཆེན་པ་	OTHER
ཡན་	ཡན་	ADV
གྱི་	གི་	PART
གདུང་རབས་	གདུང་རབས་	NOUN
ཆེན་པོ་	ཆེན་པོ་	ADJ
རྩོམ་པ་	རྩོམ་པ་	VERB
མཛད་པ་	མཛད་པ་	VERB
རྣམས་	རྣམས་	DET
གཞིར་བཞག་པ་	གཞིར་བཞག་པ་	OTHER
འི་	གི་	PART
སྟེང་	སྟེང་	NOUN
དུ་	ལ་	PART
།		PUNCT
ཁྲི་	ཁྲི་	NUM
ཐོག་	ཐོག་	NOUN
ཞལ་	ཞལ་	NOUN
མངའ་	མངའ་	VERB
ན་	ནས་	PART
ཡབ་	ཡབ་	NOUN
སྲ་	སྲ་	NOUN
བཞུགས་པ་	བཞུགས་པ་	VERB
འི་	གི་	PART
དུས་	དུས་	NOUN
ཐམས་ཅད་	ཐམས་ཅད་	DET
གླེགས་བམ་	གླེགས་བམ་	NOUN
གཅིག་	གཅིག་	NUM
ཏུ་	ལ་	PART
དྲིལ་བ་	དྲིལ་བ་	VERB
སྟེ་	སྟེ་	PART
འགྲེལ་	འགྲེལ་	NOUN
འདུག་	འདུག་	VERB
།		PUNCT
འགྲེལ་	འགྲེལ་	NOUN
ཚུལ་	ཚུལ་	NOUN
ཡང་	ཀྱང་	PART
དང་པོ་	དང་པོ་	ADJ
ཚིགས་བཅད་	ཚིགས་བཅད་	NOUN
ཀྱི་	གི་	PART
སྒོ་	སྒོ་	NOUN
ན་	ནས་	PART
མདོ་	མདོ་	NOUN
ར་	ལ་	PART
བསྟན་	བསྟན་	VERB
།		PUNCT
དེ་ནས་	དེ་ནས་	NO_POS
ཚིག་ལྷུག་	ཚིག་ལྷུག་	NO_POS
གི་	གི་	PART
སྒོ་	སྒོ་	NOUN
ན་	ནས་	PART
རྒྱས་པ་	རྒྱས་པ་	VERB
ར་	ལ་	PART
འགྲེལ་	འགྲེལ་	NOUN
འདུག་པ་	འདུག་པ་	VERB
མ་ཟད་	མ་ཟད་	NO_POS
སྐབས་བབ་	སྐབས་བབ་	OTHER
ས་	གིས་	PART
ཀྱི་	གི་	PART
དོན་	དོན་	NOUN
རྣམས་	རྣམས་	DET
གོ་	གོ་	PART
བདེ་	བདེ་	VERB
ལ་	ལ་	PART
ངེས་	ངེས་	VERB
སླ་བ་	སླ་བ་	VERB
འི་	གི་	PART
དགོས་པ་	དགོས་པ་	VERB
ཁྱད་པར་ཅན་	ཁྱད་པར་ཅན་	ADJ
ཞིག་	ཅིག་	PART
ཏུ་	ལ་	PART
སྣང་	སྣང་	VERB
།		PUNCT
ཁྱད་ཆོས་	ཁྱད་ཆོས་	NOUN
དེ་དག་	དེ་དག་	OTHER
དང་	དང་	NO_POS
ལྡན་པ་	ལྡན་པ་	VERB
འི་	གི་	PART
གདུང་རབས་	གདུང་རབས་	NOUN
འདི་ཉིད་	འདི་ཉིད་	OTHER
ཀྱི་	གི་	PART
རྩོམ་པ་པོ་	རྩོམ་པ་པོ་	NOUN
ནི་	ནི་	NO_POS
བྱ་བྲལ་བ་	བྱ་བྲལ་བ་	PROPN
པད་མ་	པད་མ་	NOUN
རྡོ་རྗེ་	རྡོ་རྗེ་	NOUN
ཡིན་	ཡིན་	NO_POS
ཀྱང་	ཀྱང་	PART
།		PUNCT
ཁོང་	ཁོང་	PRON
གི་	གི་	PART
མཛད་	མཛད་	VERB
རྣམ་	རྣམ་	NOUN
ཅུང་ཟད་	ཅུང་ཟད་	ADV
ཙམ་	ཙམ་	DET
ཡང་	ཀྱང་	PART
བདག་	བདག་	PRON
གི་	གི་	PART
མཐོང་ཡུལ་	མཐོང་ཡུལ་	NO_POS
དུ་མ་	དུ་མ་	ADJ
གྱུར་པ་	གྱུར་པ་	VERB
ས་	གིས་	PART
བློ་	བློ་	NOUN
ཕམ་	ཕམ་	NO_POS
ཆེ་	ཆེ་	VERB
།		PUNCT
ཕྱག་དཔེ་	ཕྱག་དཔེ་	NOUN
འི་	གི་	PART
འདི་	འདི་	DET
འི་	གི་	PART
མཇུག་	མཇུག་	NOUN
ཏུ་	ལ་	PART
ཨུ་རྒྱན་	ཨུ་རྒྱན་	PROPN
ཆོ་	ཆོ་	NOUN
ཀྱི་	གི་	PART
དབང་ཕྱུག་	དབང་ཕྱུག་	NOUN
དེ་ཉིད་	དེ་ཉིད་	NOUN
དང་	དང་	NO_POS
།		PUNCT
ཁྱད་པར་	ཁྱད་པར་	NOUN
དུ་	ལ་	PART
།		PUNCT
གདུང་རྒྱུད་	གདུང་རྒྱུད་	OTHER
རིན་པོ་ཆེ་	རིན་པོ་ཆེ་	ADJ
ངག་དབང་	ངག་དབང་	PROPN
གྲགས་པ་	གྲགས་པ་	VERB
ལྷུན་གྲུབ་	ལྷུན་གྲུབ་	OTHER
རྒྱལ་མཚན་	རྒྱལ་མཚན་	NOUN
དཔལ་	དཔལ་	OTHER
བཟང་པོ་	བཟང་པོ་	ADJ
ལ་སོགས་པ་	ལ་སོགས་པ་	NO_POS
འི་	གི་	PART
མཁས་གྲུབ་	མཁས་གྲུབ་	NOUN
དུ་མ་	དུ་མ་	ADJ
འི་	གི་	PART
ཞབས་	ཞབས་	NOUN
རྡུལ་	རྡུལ་	NOUN
སྤྱི་བོ་	སྤྱི་བོ་	NOUN
ས་	གིས་	PART
ལེན་	ལེན་	VERB
ཅིང་	ཅིང་	PART
གསུང་	གསུང་	VERB
ལ་	ལ་	ADP
ས་	གིས་	PART
སྐྱེས་པ་	སྐྱེས་པ་	VERB
འི་	གི་	PART
དུས་མཐ་	དུས་མཐའ་	NOUN
འི་	གི་	PART
བྱ་	བྱ་	VERB
བཏང་བ་	བཏང་བ་	VERB
པདྨ་	པདྨ་	NOUN
རྡོ་རྗེ་	རྡོ་རྗེ་	NOUN
ཞེ་	ཅེས་	PART
བྱ་བ་	བྱ་བ་	VERB
འཁོད་པ་	འཁོད་པ་	VERB
ལ་	ལ་	PART
དཔག་	དཔག་	VERB
ན་	ལ་	PART
།		PUNCT
དཔྱལ་	དཔྱལ་	NO_POS
སྟོན་	སྟོན་	VERB
རིན་ཆེན་	རིན་ཆེན་	OTHER
རྡོ་རྗེ་	རྡོ་རྗེ་	NOUN
འི་	གི་	PART
སྲ་	སྲ་	NOUN
ངག་དབང་	ངག་དབང་	PROPN
གྲགས་པ་	གྲགས་པ་	VERB
ལྷུན་གྲུབ་	ལྷུན་གྲུབ་	OTHER
རྒྱལ་མཚན་	རྒྱལ་མཚན་	NOUN
དཔལ་	དཔལ་	OTHER
བཟང་	བཟང་	VERB
ཡིན་པ་	ཡིན་པ་	AUX
དང་	དང་	NO_POS
།		PUNCT
ཁོང་	ཁོང་	PRON
གིས་	གིས་	PART
པཎྜི་ཏ་	པཎྜི་ཏ་	NOUN
འབུམ་ཕྲག་	འབུམ་ཕྲག་	OTHER
གསུམ་པ་	གསུམ་པ་	NUM
མཆོག་	མཆོག་	ADJ
དང་	དང་	NO_POS
།		PUNCT
ཞ་ལུ་	ཞ་ལུ་	PROPN
མཁན་ཆེན་	མཁན་ཆེན་	OTHER
དཀོན་མཆོག་	དཀོན་མཆོག་	NOUN
ཚུལ་ཁྲིམས་	ཚུལ་ཁྲིམས་	NOUN
དང་	དང་	NO_POS
།		PUNCT
མཁན་ཆེན་	མཁན་ཆེན་	OTHER
དཀོན་མཆོག་	དཀོན་མཆོག་	NOUN
ལྷུན་གྲུབ་	ལྷུན་གྲུབ་	OTHER
སོགས་	སོགས་	DET
ཀྱི་	གི་	PART
ཞབས་	ཞབས་	NOUN
ལ་	ལ་	PART
གཏུགས་	གཏུགས་	VERB
ན་	ནས་	PART
།		PUNCT
མདོ་སྔགས་	མདོ་སྔགས་	NOUN
རིག་གནས་	རིག་གནས་	NOUN
དང་	དང་	NO_POS
བཅས་པ་	བཅས་པ་	VERB
སློབ་གཉེར་	སློབ་གཉེར་	NOUN
མཐ་	མཐའ་	NOUN
ར་	ལ་	PART
ཕྱིན་པ་	ཕྱིན་པ་	VERB
གནང་བ་	གནང་བ་	NO_POS
དང་	དང་	NO_POS
།		PUNCT
ངག་དབང་	ངག་དབང་	PROPN
གྲགས་པ་	གྲགས་པ་	VERB
ལྷུན་གྲུབ་	ལྷུན་གྲུབ་	OTHER
ཀྱི་	གི་	PART
དངོས་སློབ་	དངོས་སློབ་	NOUN
བྱ་	བྱ་	VERB
བཏང་བ་	བཏང་བ་	VERB
པདྨ་	པདྨ་	NOUN
རྡོ་རྗེ་	རྡོ་རྗེ་	NOUN
ཡིན་པ་	ཡིན་པ་	AUX
བཅའ་	བཅའ་	VERB
ཀྱིས་	གིས་	PART
།		PUNCT
སྤྱི་ལོ་	སྤྱི་ལོ་	NOUN
འི་	གི་	PART
དུས་རབས་	དུས་རབས་	OTHER
བཅོ་ལྔ་པ་	བཅོ་ལྔ་པ་	NO_POS
འི་	གི་	PART
ནང་	ནང་	NOUN
དུ་	ལ་	PART
བྱུང་བ་	བྱུང་བ་	VERB
འི་	གི་	PART
མཁའ་	མཁའ་	VERB
དབང་	དབང་	NOUN
ཞིག་	ཅིག་	PART
ཡིན་	ཡིན་	NO_POS
།		PUNCT
ཁོང་	ཁོང་	PRON
གིས་	གིས་	PART
གྲུབ་མཐའ་	གྲུབ་མཐའ་	NOUN
རི་	རི་	NOUN
མེད་	མེད་	VERB
ཀྱི་	གི་	PART
བླ་མ་	བླ་མ་	NOUN
རྣམས་	རྣམས་	DET
ཀྱི་	གི་	PART
དྲུང་	དྲུང་	NOUN
དུ་	ལ་	PART
མདོ་	མདོ་	NOUN
རྒྱུད་	རྒྱུད་	NOUN
རྒྱ་མཚོ་	རྒྱ་མཚོ་	NOUN
ལྟ་བུ་	ལྟ་བུ་	NOUN
ལ་	ལ་	PART
སློབ་གཉེར་	སློབ་གཉེར་	NOUN
མཐ་	མཐའ་	NOUN
ར་	ལ་	PART
ཕྱིན་པ་	ཕྱིན་པ་	VERB
གནང་བ་	གནང་བ་	NO_POS
དང་	དང་	NO_POS
།		PUNCT
ཁྱད་པར་	ཁྱད་པར་	NOUN
གསང་སྔགས་	གསང་སྔགས་	NOUN
རྙིང་མ་	རྙིང་མ་	OTHER
ལ་	ལ་	PART
ཐུགས་	ཐུགས་	NOUN
གཞོལ་བ་	གཞོལ་བ་	VERB
ར་	ལ་	PART
མཛད་	མཛད་	VERB
།		PUNCT
རིན་པོ་ཆེ་	རིན་པོ་ཆེ་	ADJ
འི་	གི་	PART
མིང་ཅན་	མིང་ཅན་	NOUN
གྱི་	གི་	PART
བསྐུལ་	བསྐུལ་	VERB
ངོ་	ངོ་	PART
ར་	ལ་	PART
བྱང་ཆུབ་	བྱང་ཆུབ་	NOUN
ཐར་པ་	ཐར་པ་	VERB
གླིང་	གླིང་	NOUN
དུ་	ལ་	PART
མེ་ཕོ་	མེ་ཕོ་	OTHER
རྟ་	རྟ་	NOUN
འི་	གི་	PART
ལོ་	གོ་	PART
ལ་	ལ་	PART
འགོ་	འགོ་	NO_POS
བརྩམས་	བརྩམས་	VERB
ན་	ནས་	PART
ཞེ་	ཅེས་	PART
བརྩམས་	བརྩམས་	VERB
ལོ་	གོ་	PART
གསལ་བ་	གསལ་བ་	VERB
ར་	ལ་	PART
འཁོད་	འཁོད་	NO_POS
ཡོད་	ཡོད་	VERB
།		PUNCT
སྐྱེས་ཆེན་	སྐྱེས་ཆེན་	OTHER
དམ་པ་	དམ་པ་	VERB
དེ་	སྟེ་	PART
རྣམས་	རྣམས་	DET
ཀྱིས་	གིས་	PART
།		PUNCT
གྲུབ་མཐའ་	གྲུབ་མཐའ་	NOUN
རི་	རི་	NOUN
སུ་	ལ་	PART
མ་	མ་	PART
མཆིས་པ་	མཆིས་པ་	VERB
འི་	གི་	PART
བླ་མ་	བླ་མ་	NOUN
དམ་པ་	དམ་པ་	VERB
རྣམས་	རྣམས་	DET
ཀྱི་	གི་	PART
ཞབས་	ཞབས་	NOUN
ལ་	ལ་	PART
གཏུགས་	གཏུགས་	VERB
ན་	ནས་	PART
།		PUNCT
མདོ་	མདོ་	NOUN
རྒྱུད་	རྒྱུད་	NOUN
ཀྱི་	གི་	PART
ཆོ་	ཆོ་	NOUN
རྒྱ་མཚོ་	རྒྱ་མཚོ་	NOUN
ལྟ་བུ་	ལྟ་བུ་	NOUN
ལ་	ལ་	PART
གསན་	གསན་	NO_POS
བཞེད་	བཞེད་	VERB
གནང་	གནང་	NO_POS
བ་	བ་	ADP
།		PUNCT
དང་བ་	དང་བ་	NOUN
འགྲོ་བ་	འགྲོ་བ་	VERB
དང་	དང་	NO_POS
།		PUNCT
གདུང་རབས་	གདུང་རབས་	NOUN
ཀྱང་	ཀྱང་	PART
དེ་ཉིད་	དེ་ཉིད་	NOUN
དང་	དང་	NO_POS
འབྲེལ་བ་	འབྲེལ་བ་	VERB
ས་	གིས་	PART
།		PUNCT
ལོ་རྒྱུས་	ལོ་རྒྱུས་	NOUN
ཀྱི་	གི་	PART
ཁྱབ་	ཁྱབ་	VERB
ཁོངས་	ཁོངས་	NOUN
ཆེ་བ་	ཆེ་བ་	VERB
སོགས་	སོགས་	DET
ཀྱི་	གི་	PART
དགོས་པ་	དགོས་པ་	VERB
མང་པོ་	མང་པོ་	ADJ
ཡོད་	ཡོད་	VERB
།		PUNCT
འོན་ཀྱང་	འོན་ཀྱང་	NO_POS
གདུང་རབས་	གདུང་རབས་	NOUN
འདི་	འདི་	DET
འི་	གི་	PART
མ་དཔེ་	མ་དཔེ་	OTHER
ནི་	ནི་	NO_POS
།		PUNCT
བྲིས་མ་	བྲིས་མ་	NO_POS
ཡིན་པ་	ཡིན་པ་	AUX
དང་	དང་	NO_POS
།		PUNCT
སྐུང་	སྐུང་	NO_POS
ཡིག་	ཡིག་	NOUN
མང་བ་	མང་བ་	VERB
དང་	དང་	NO_POS
།		PUNCT
ཡིག་འབྲུ་	ཡིག་འབྲུ་	NOUN
མི་	མི་	PART
གསལ་བ་	གསལ་བ་	VERB
དང་	དང་	NO_POS
།		PUNCT
བརྡ་	བརྡ་	NOUN
རྙིང་	རྙིང་	NO_POS
གིས་	གིས་	PART
བརྒྱན་པ་	བརྒྱན་པ་	VERB
བཅའ་	བཅའ་	VERB
ཀྱིས་	གིས་	PART
ཞུས་དག་	ཞུས་དག་	NOUN
བྱེད་པ་	བྱེད་པ་	VERB
ར་	ལ་	PART
འགལ་རྐྱེན་	འགལ་རྐྱེན་	NOUN
མི་	མི་	PART
ཉུང་བ་	ཉུང་བ་	VERB
ཞིག་	ཅིག་	PART
འཕྲད་	འཕྲད་	VERB
ཀྱང་	ཀྱང་	PART
།		PUNCT
དང་	དང་	NO_POS
དུ་	ལ་	PART
བླངས་	བླངས་	VERB
ན་	ནས་	PART
རྒྱ་	རྒྱ་	NOUN
ཆེ་	ཆེ་	VERB
འི་	གི་	PART
གཟིགས་པ་པོ་	གཟིགས་པ་པོ་	VERB
རྣམས་	རྣམས་	DET
ལ་	ལ་	PART
གཟིགས་	གཟིགས་	VERB
བདེ་	བདེ་	VERB
ཡོང་བ་	ཡོང་བ་	VERB
འི་	གི་	PART
ཆེད་	ཆེད་	NOUN
།		PUNCT
ཚད་ལྡན་	ཚད་ལྡན་	OTHER
གྱི་	གི་	PART
གཞུང་	གཞུང་	NOUN
དང་	དང་	NO_POS
བསྟུན་	བསྟུན་	NO_POS
ན་	ནས་	PART
།		PUNCT
ཞུས་དག་པ་	ཞུས་དག་པ་	NOUN
ར་	ལ་	PART
བགྱི་	བགྱི་	VERB
ཁུལ་	ཁུལ་	NO_POS
ཡིན་	ཡིན་	NO_POS
ཀྱང་	ཀྱང་	PART
མ་	མ་	PART
དག་པ་	དག་པ་	VERB
འི་	གི་	PART
ཆ་	ཆ་	NOUN
ཡོང་	ཡོང་	NO_POS
ངེས་པ་	ངེས་པ་	VERB
ས་	གིས་	PART
།		PUNCT
ལོ་རྒྱུས་	ལོ་རྒྱུས་	NOUN
ཞིབ་འཇུག་	ཞིབ་འཇུག་	NOUN
གི་	གི་	PART
མཁའ་	མཁའ་	VERB
དབང་	དབང་	NOUN
རྣམས་	རྣམས་	DET
དང་	དང་	NO_POS
།		PUNCT
གཟུར་གནས་	གཟུར་གནས་	NOUN
བློ་ལྡན་	བློ་ལྡན་	NOUN
རྣམས་	རྣམས་	DET
ཀྱིས་	གིས་	PART
དགོངས་འཆར་	དགོངས་འཆར་	NO_POS
གང་	གང་	NO_POS
མང་	མང་	VERB
ཡོང་བ་	ཡོང་བ་	VERB
འི་	གི་	PART
རེ་འདུན་	རེ་འདུན་	OTHER
དང་	དང་	NO_POS
བཅའ་	བཅའ་	VERB
།		PUNCT
ངེད་	ངེད་	PRON
དཔལ་	དཔལ་	OTHER
བརྩེགས་	བརྩེགས་	NO_POS
བོད་ཡིག་	བོད་ཡིག་	NOUN
དཔེ་	དཔེ་	NOUN
རྙིང་	རྙིང་	NO_POS
ཞིབ་འཇུག་	ཞིབ་འཇུག་	NOUN
ཁང་	ཁང་	NOUN
གིས་	གིས་	PART
།		PUNCT
མཁྱེན་བརྩེ་	མཁྱེན་བརྩེ་	PROPN
འི་	གི་	PART
འོད་སྣང་	འོད་སྣང་	OTHER
ཞེས་་	ཞེས་པ་	PART
འི་	གི་	PART
དཔེ་	དཔེ་	NOUN
ཚོགས་	ཚོགས་	NOUN
ཀྱི་	གི་	PART
		
དེབ་	དེབ་	NOUN
བཞི་པ་	བཞི་པ་	ADJ
ར་	ལ་	PART
		
བཏང་	བཏང་	VERB
ན་	ནས་	PART
པར་སྐྲུན་	པར་སྐྲུན་	OTHER
ཞུས་པ་	ཞུས་པ་	VERB
ལགས་	ལགས་	AUX
།		PUNCT
དཔལ་	དཔལ་	OTHER
བརྩེགས་	བརྩེགས་	NO_POS
བོད་ཡིག་	བོད་ཡིག་	NOUN
དཔེ་	དཔེ་	NOUN
རྙིང་	རྙིང་	NO_POS
ཞིབ་འཇུག་	ཞིབ་འཇུག་	NOUN
ཁང་	ཁང་	NOUN
གི་	གི་	PART
བསྟན་འཛིན་	བསྟན་འཛིན་	NOUN
བློ་གྲོས་པ་	བློ་གྲོས་པ་	NOUN
ས་	གིས་	PART
།		PUNCT
བསྡུ་	བསྡུ་	VERB
སྒྲིག་	སྒྲིག་	VERB
གསལ་	གསལ་	VERB
བཤད་	བཤད་	VERB
།		PUNCT
བསྡུ་	བསྡུ་	VERB
སྒྲིག་	སྒྲིག་	VERB
གསལ་	གསལ་	VERB
བཤད་	བཤད་	VERB
།		PUNCT
		
